cart_id,mock_user_id,risk_score,risk_percentile_rank,risk_level,label_backed_risk_score,contextual_evidence_score,context_signal_count,top_reasons,reason_details,suggested_action,dashboard_message,risk_input_coverage_weight,transaction_layer_score,fit_layer_agent_score,review_layer_agent_score,cart_behavior_agent_score,fit_context_evidence_score,review_context_evidence_score,cart_context_evidence_score,primary_mock_product_id,primary_source_item_id,cart_item_count,unique_mock_product_count,two_size_same_product,duplicate_variant,cart_uncertainty_signal_count,cart_size_pressure,model_risk_rank_score,model_risk_score_raw,night_purchase,fit_layer_summary_score,item_fit_issue_score,item_length_issue_score,item_quality_issue_score,review_text_summary_score,review_text_size_issue_score,review_text_quality_issue_score,review_text_color_issue_score,review_text_negative_language_score,rating_issue_score,review_text_color_issue_score_upper_tail_flag,fit_signal_available,review_signal_available,rating_signal_available,review_text_size_issue_score_upper_tail_flag,review_text_quality_issue_score_upper_tail_flag,review_text_negative_language_score_upper_tail_flag
CART_0001,MU_003,0.866603115469603,0.8,high,0.9808615935280044,0.6,2,"[""high_transaction_model_rank"", ""large_cart_size"", ""length_issue_signal"", ""quality_issue_signal""]","[{""code"": ""high_transaction_model_rank"", ""severity"": 0.9808615935280044, ""message"": ""Transaction model rank is high.""}, {""code"": ""large_cart_size"", ""severity"": 0.6, ""message"": ""Cart size is high for this demo batch.""}, {""code"": ""length_issue_signal"", ""severity"": 0.348145461140836, ""message"": ""Length issue signal is elevated.""}, {""code"": ""quality_issue_signal"", ""severity"": 0.2814156438317512, ""message"": ""Quality-related signal is elevated.""}]",show_size_guidance_before_checkout,Fit-related signals are elevated. Show size and fit guidance.,1.0,0.9808615935280044,0.3299649609236156,0.2027103372893246,0.18,1,0,1,MP_0095,modcloth_637931,4,4,0,0,0,0.6,0.9808615935280044,0.7357914459090514,0.0,0.3299649609236156,0.351078520728036,0.348145461140836,0.2814156438317512,0.2027103372893246,0.3270540409658741,0.0730446128368545,0.0044634598372703,0.144338637879396,0.1353537182799874,0,1,1,1,0,0,0
CART_0002,MU_003,0.7603592103581146,0.58,medium,0.8505131576544495,0.55,2,"[""two_sizes_same_product"", ""large_cart_size"", ""low_rating_signal_when_available""]","[{""code"": ""two_sizes_same_product"", ""severity"": 1.0, ""message"": ""Cart contains multiple sizes of the same product.""}, {""code"": ""large_cart_size"", ""severity"": 0.8, ""message"": ""Cart size is high for this demo batch.""}, {""code"": ""low_rating_signal_when_available"", ""severity"": 0.1420917853304675, ""message"": ""Rating issue signal is elevated when rating is available.""}]",show_size_guidance_before_checkout,Multiple sizes of the same product are in the cart. Show size guidance before checkout.,1.0,0.8505131576544495,0.3135251259132099,0.1909629430778622,0.59,0,1,1,MP_0056,renttherunway_466944,5,3,1,0,1,0.8,0.8505131576544495,0.4251360867121708,0.0,0.3135251259132099,0.3135251259132099,,,0.1909629430778622,0.294869248426732,0.0554157374559698,0.0033363587679357,0.1446976218740785,0.1420917853304675,0,1,1,1,0,0,0
CART_0003,MU_023,0.8645833561606311,0.78,high,0.977976223086616,0.6,2,"[""duplicate_variant"", ""high_transaction_model_rank"", ""large_cart_size"", ""length_issue_signal""]","[{""code"": ""duplicate_variant"", ""severity"": 1.0, ""message"": ""Cart contains a duplicate variant.""}, {""code"": ""high_transaction_model_rank"", ""severity"": 0.977976223086616, ""message"": ""Transaction model rank is high.""}, {""code"": ""large_cart_size"", ""severity"": 0.8, ""message"": ""Cart size is high for this demo batch.""}, {""code"": ""length_issue_signal"", ""severity"": 0.2637021716649431, ""message"": ""Length issue signal is elevated.""}]",show_size_guidance_before_checkout,Fit-related signals are elevated. Show size and fit guidance.,1.0,0.977976223086616,0.2926556924139519,0.2144219696686145,0.59,1,0,1,MP_0135,renttherunway_1188641,5,4,0,1,1,0.8,0.977976223086616,0.7218426161479987,0.0,0.2926556924139519,0.2963845103021638,0.2637021716649431,0.2625270517729315,0.2144219696686145,0.3254962655504355,0.053908717424333,0.0048117890645113,0.138017197558597,0.1101016085926075,0,1,1,1,0,0,0
CART_0004,MU_026,0.599043992768312,0.3,low,0.8557771325261601,0.0,0,"[""dominant_transaction_model_signal""]","[{""code"": ""dominant_transaction_model_signal"", ""severity"": 0.8557771325261601, ""message"": ""transaction_model is the strongest available layer.""}]",standard_checkout,No dominant risk reason detected for this cart.,1.0,0.8557771325261601,0.3088121386261445,0.1887383322429539,0.06,0,0,0,MP_0045,renttherunway_2531779,2,2,0,0,0,0.2,0.8557771325261601,0.4331960040619731,0.0,0.3088121386261445,0.3088121386261445,,,0.1887383322429539,0.3145032301290409,0.0488279902915491,0.00435829307304,0.133704905063289,0.1050775788191782,0,1,1,1,0,0,0
CART_0005,MU_024,0.7153592103581146,0.52,medium,0.8505131576544495,0.4,1,"[""low_rating_signal_when_available""]","[{""code"": ""low_rating_signal_when_available"", ""severity"": 0.1420917853304675, ""message"": ""Rating issue signal is elevated when rating is available.""}]",show_review_and_product_detail_summary,Review signals are elevated. Show review summary before checkout.,1.0,0.8505131576544495,0.3135251259132099,0.2061751212110678,0.12,0,1,0,MP_0123,renttherunway_535046,3,3,0,0,0,0.4,0.8505131576544495,0.4251360867121708,0.0,0.3135251259132099,0.3135251259132099,,,0.2061751212110678,0.3508789241460973,0.0621407124430849,0.0048117890645113,0.1446976218740785,0.1420917853304675,0,1,1,1,0,0,0
CART_0006,MU_014,0.375713307401523,0.14,low,0.3010190105736043,0.55,2,"[""two_sizes_same_product"", ""low_rating_signal_when_available""]","[{""code"": ""two_sizes_same_product"", ""severity"": 1.0, ""message"": ""Cart contains multiple sizes of the same product.""}, {""code"": ""low_rating_signal_when_available"", ""severity"": 0.1511067500796939, ""message"": ""Rating issue signal is elevated when rating is available.""}]",show_size_guidance_before_checkout,Multiple sizes of the same product are in the cart. Show size guidance before checkout.,1.0,0.3010190105736043,0.26171270432146,0.189951284995427,0.41,0,1,1,MP_0005,renttherunway_1470980,2,1,1,0,1,0.2,0.3010190105736043,0.1554769527979541,0.0,0.26171270432146,0.26171270432146,,,0.189951284995427,0.2813569680355637,0.0647603769094483,0.0038989619417829,0.1522348880012872,0.1511067500796939,0,1,1,1,0,0,0
CART_0007,MU_026,0.9344345221790025,0.86,high,0.9063350316842892,1.0,3,"[""large_cart_size"", ""length_issue_signal"", ""quality_issue_signal""]","[{""code"": ""large_cart_size"", ""severity"": 0.6, ""message"": ""Cart size is high for this demo batch.""}, {""code"": ""length_issue_signal"", ""severity"": 0.2669544821021857, ""message"": ""Length issue signal is elevated.""}, {""code"": ""quality_issue_signal"", ""severity"": 0.2541427697050756, ""message"": ""Quality-related signal is elevated.""}]",show_size_guidance_before_checkout,Fit-related signals are elevated. Show size and fit guidance.,1.0,0.9063350316842892,0.3327232279210981,0.2323024961616027,0.18,1,1,1,MP_0085,modcloth_175156,4,4,0,0,0,0.6,0.9063350316842892,0.525560159795959,0.0,0.3327232279210981,0.3327232279210981,0.2669544821021857,0.2541427697050756,0.2323024961616027,0.3474521476554222,0.089616839315458,0.0044634598372703,0.1521562875581728,0.1279330017554125,0,1,1,1,0,0,0
CART_0008,MU_022,0.33967430011504957,0.12,low,0.4852490001643565,0.0,0,"[""dominant_transaction_model_signal""]","[{""code"": ""dominant_transaction_model_signal"", ""severity"": 0.4852490001643565, ""message"": ""transaction_model is the strongest available layer.""}]",standard_checkout,No dominant risk reason detected for this cart.,1.0,0.4852490001643565,0.1953015016882468,0.1512307834226255,0.06,0,0,0,MP_0107,renttherunway_2396750,2,2,0,0,0,0.2,0.4852490001643565,0.2176812488645923,0.0,0.1953015016882468,0.1953015016882469,,,0.1512307834226255,0.2438736705330189,0.0648684674795154,0.0014864266951929,0.1183758426415475,0.0842491124789928,0,1,1,1,0,0,0
CART_0009,MU_021,0.7994345221790025,0.68,medium,0.9063350316842892,0.55,2,"[""two_sizes_same_product"", ""large_cart_size"", ""quality_issue_signal""]","[{""code"": ""two_sizes_same_product"", ""severity"": 1.0, ""message"": ""Cart contains multiple sizes of the same product.""}, {""code"": ""large_cart_size"", ""severity"": 1.0, ""message"": ""Cart size is high for this demo batch.""}, {""code"": ""quality_issue_signal"", ""severity"": 0.0, ""message"": ""Quality-related signal is elevated.""}]",show_size_guidance_before_checkout,Multiple sizes of the same product are in the cart. Show size guidance before checkout.,1.0,0.9063350316842892,0.3515504819093259,0.1914514644009548,0.6499999999999999,0,1,1,MP_0112,renttherunway_1692512,6,4,1,0,1,1.0,0.9063350316842892,0.525560159795959,0.0,0.3515504819093259,0.3515504819093259,,,0.1914514644009548,0.3254962655504355,0.089616839315458,0.0040705646336338,0.134789082959527,0.1279330017554125,0,1,1,1,0,0,0
CART_0010,MU_015,0.6914028744133384,0.48,medium,0.9234326777333406,0.15,1,"[""two_sizes_same_product"", ""high_transaction_model_rank""]","[{""code"": ""two_sizes_same_product"", ""severity"": 1.0, ""message"": ""Cart contains multiple sizes of the same product.""}, {""code"": ""high_transaction_model_rank"", ""severity"": 0.9234326777333406, ""message"": ""Transaction model rank is high.""}]",show_size_guidance_before_checkout,Multiple sizes of the same product are in the cart. Show size guidance before checkout.,1.0,0.9234326777333406,0.2429273311237328,0.1875677020318983,0.47,0,0,1,MP_0148,renttherunway_1330312,3,1,1,0,1,0.4,0.9234326777333406,0.5646698115079758,0.0,0.2429273311237328,0.2429273311237328,,,0.1875677020318983,0.3146776937385907,0.0733328226423057,0.0019179820574007,0.1256543024118672,0.0732580309146035,0,1,1,1,0,0,0
CART_0011,MU_028,0.7465536258879818,0.54,medium,0.8950766084114027,0.4,1,"[""negative_review_language_signal""]","[{""code"": ""negative_review_language_signal"", ""severity"": 0.1538244914722071, ""message"": ""Negative review language signal is elevated.""}]",show_review_and_product_detail_summary,Review signals are elevated. Show review summary before checkout.,1.0,0.8950766084114027,0.3042650644432086,0.2062427711513573,0.12,0,1,0,MP_0119,renttherunway_619977,3,3,0,0,0,0.4,0.8950766084114027,0.5001841144590313,0.0,0.3042650644432086,0.3042650644432086,,,0.2062427711513573,0.345352466086411,0.0727734705844029,0.0046897916629852,0.1538244914722071,0.118607814575211,0,1,1,1,0,0,0
CART_0012,MU_028,0.637544147993937,0.38,low,0.7393487828484815,0.4,1,"[""low_rating_signal_when_available"", ""quality_issue_signal""]","[{""code"": ""low_rating_signal_when_available"", ""severity"": 0.1549595765818231, ""message"": ""Rating issue signal is elevated when rating is available.""}, {""code"": ""quality_issue_signal"", ""severity"": 0.0, ""message"": ""Quality-related signal is elevated.""}]",show_review_and_product_detail_summary,Quality-related signals are elevated. Show product details and review summary.,1.0,0.7393487828484815,0.301064764822581,0.2245047425241197,0.06,0,1,0,MP_0143,renttherunway_2367436,2,2,0,0,0,0.2,0.7393487828484815,0.3356357820287582,0.0,0.301064764822581,0.301064764822581,,,0.2245047425241197,0.3553902679451563,0.0931701509351836,0.0046897916629852,0.1324051083266742,0.1549595765818231,0,1,1,1,0,0,0
CART_0013,MU_014,0.17480825069851527,0.02,low,0.2497260724264504,0.0,0,"[""dominant_fit_signal""]","[{""code"": ""dominant_fit_signal"", ""severity"": 0.2708042836616388, ""message"": ""fit is the strongest available layer.""}]",standard_checkout,No dominant risk reason detected for this cart.,1.0,0.2497260724264504,0.2708042836616388,0.1818779897062132,0.0,0,0,0,MP_0179,renttherunway_1612553,1,1,0,0,0,0.0,0.2497260724264504,0.1410594963169664,0.0,0.2708042836616388,0.2708042836616388,,,0.1818779897062132,0.2952016273782458,0.053908717424333,0.0048117890645113,0.1315138488870061,0.1101016085926075,0,1,1,1,0,0,0
CART_0014,MU_017,0.9207312040029949,0.84,high,0.9510445771471356,0.8500000000000001,2,"[""high_transaction_model_rank"", ""fit_or_size_issue_signal"", ""fit_layer_signal"", ""negative_review_language_signal""]","[{""code"": ""high_transaction_model_rank"", ""severity"": 0.9510445771471356, ""message"": ""Transaction model rank is high.""}, {""code"": ""fit_or_size_issue_signal"", ""severity"": 0.3522089627658011, ""message"": ""Fit or size mismatch signal is elevated.""}, {""code"": ""fit_layer_signal"", ""severity"": 0.352208962765801, ""message"": ""Fit layer signal is elevated.""}, {""code"": ""negative_review_language_signal"", ""severity"": 0.1533838609047509, ""message"": ""Negative review language signal is elevated.""}]",show_size_guidance_before_checkout,Fit-related signals are elevated. Show size and fit guidance.,1.0,0.9510445771471356,0.352208962765801,0.2101792687342069,0.12,1,1,0,MP_0079,renttherunway_1491849,3,3,0,0,0,0.4,0.9510445771471356,0.6300033952684553,0.0,0.352208962765801,0.3522089627658011,,,0.2101792687342069,0.3308064228889177,0.0776546514378669,0.0039829157824913,0.1533838609047509,0.1301140216266371,0,1,1,1,0,0,0
CART_0015,MU_019,0.6292892492558301,0.36,low,0.898984641794043,0.0,0,"[""dominant_transaction_model_signal""]","[{""code"": ""dominant_transaction_model_signal"", ""severity"": 0.898984641794043, ""message"": ""transaction_model is the strongest available layer.""}]",standard_checkout,No dominant risk reason detected for this cart.,1.0,0.898984641794043,0.2963845103021638,0.2103814363461329,0.12,0,0,0,MP_0071,modcloth_240463,3,3,0,0,0,0.4,0.898984641794043,0.5091926344932346,0.0,0.2963845103021638,0.2963845103021638,0.243394968597593,0.2623253854973442,0.2103814363461329,0.3130709830185011,0.053908717424333,0.0048117890645113,0.1445205462301878,0.117476425797993,0,1,1,1,0,0,0
CART_0016,MU_014,0.983362552274512,0.96,high,0.9762322175350172,1.0,3,"[""high_transaction_model_rank"", ""large_cart_size"", ""fit_or_size_issue_signal"", ""fit_layer_signal""]","[{""code"": ""high_transaction_model_rank"", ""severity"": 0.9762322175350172, ""message"": ""Transaction model rank is high.""}, {""code"": ""large_cart_size"", ""severity"": 0.6, ""message"": ""Cart size is high for this demo batch.""}, {""code"": ""fit_or_size_issue_signal"", ""severity"": 0.3522089627658011, ""message"": ""Fit or size mismatch signal is elevated.""}, {""code"": ""fit_layer_signal"", ""severity"": 0.352208962765801, ""message"": ""Fit layer signal is elevated.""}]",show_size_guidance_before_checkout,Fit-related signals are elevated. Show size and fit guidance.,1.0,0.9762322175350172,0.352208962765801,0.196393332668069,0.18,1,1,1,MP_0084,renttherunway_2665504,4,4,0,0,0,0.6,0.9762322175350172,0.7129217447686601,0.0,0.352208962765801,0.3522089627658011,,,0.196393332668069,0.3304799608611742,0.0859107186456015,0.0048117890645113,0.1462847109399701,0.1222271832628663,0,1,1,1,0,0,0
CART_0017,MU_008,0.9641173140488322,0.92,high,0.9487390200697602,1.0,3,"[""two_sizes_same_product"", ""high_transaction_model_rank"", ""large_cart_size"", ""fit_layer_signal""]","[{""code"": ""two_sizes_same_product"", ""severity"": 1.0, ""message"": ""Cart contains multiple sizes of the same product.""}, {""code"": ""high_transaction_model_rank"", ""severity"": 0.9487390200697602, ""message"": ""Transaction model rank is high.""}, {""code"": ""large_cart_size"", ""severity"": 0.8, ""message"": ""Cart size is high for this demo batch.""}, {""code"": ""fit_layer_signal"", ""severity"": 0.4365813993102761, ""message"": ""Fit layer signal is elevated.""}]",show_size_guidance_before_checkout,Multiple sizes of the same product are in the cart. Show size guidance before checkout.,1.0,0.9487390200697602,0.4365813993102761,0.2335380452061271,0.59,1,1,1,MP_0041,renttherunway_1650899,5,3,1,0,1,0.8,0.9487390200697602,0.6235022178431648,0.0,0.4365813993102761,0.4365813993102761,,,0.2335380452061271,0.4254134452712171,0.0804905223209089,0.0157071351892671,0.1723403141906311,0.1619532982929887,1,1,1,1,1,0,1
CART_0018,MU_025,0.31209435891816867,0.1,low,0.4458490841688124,0.0,0,"[""dominant_transaction_model_signal""]","[{""code"": ""dominant_transaction_model_signal"", ""severity"": 0.4458490841688124, ""message"": ""transaction_model is the strongest available layer.""}]",standard_checkout,No dominant risk reason detected for this cart.,1.0,0.4458490841688124,0.2551281993215241,0.194895562934545,0.0,0,0,0,MP_0192,renttherunway_1032906,1,1,0,0,0,0.0,0.4458490841688124,0.2009925654581122,0.0,0.2551281993215241,0.2551281993215241,,,0.194895562934545,0.3201109755563191,0.050831509493576,0.0030603608319938,0.1331609304759924,0.1204374483960735,0,1,1,1,0,0,0
CART_0019,MU_015,0.7500903047900802,0.56,medium,0.7072718639858289,0.8500000000000001,2,"[""fit_layer_signal"", ""fit_or_size_issue_signal"", ""negative_review_language_signal""]","[{""code"": ""fit_layer_signal"", ""severity"": 0.4698909647388892, ""message"": ""Fit layer signal is elevated.""}, {""code"": ""fit_or_size_issue_signal"", ""severity"": 0.4698909647388892, ""message"": ""Fit or size mismatch signal is elevated.""}, {""code"": ""negative_review_language_signal"", ""severity"": 0.1847070505015729, ""message"": ""Negative review language signal is elevated.""}]",show_size_guidance_before_checkout,Fit-related signals are elevated. Show size and fit guidance.,1.0,0.7072718639858289,0.4698909647388892,0.2562267312590101,0.12,1,1,0,MP_0087,renttherunway_404345,3,3,0,0,0,0.4,0.7072718639858289,0.3174474416814524,0.0,0.4698909647388892,0.4698909647388892,,,0.2562267312590101,0.4399022290479228,0.0648684674795154,0.0031650928657805,0.1847070505015729,0.1249064412800101,0,1,1,1,1,0,1
CART_0020,MU_016,0.7915536258879818,0.64,medium,0.8950766084114027,0.55,2,"[""two_sizes_same_product"", ""large_cart_size"", ""quality_issue_signal""]","[{""code"": ""two_sizes_same_product"", ""severity"": 1.0, ""message"": ""Cart contains multiple sizes of the same product.""}, {""code"": ""large_cart_size"", ""severity"": 1.0, ""message"": ""Cart size is high for this demo batch.""}, {""code"": ""quality_issue_signal"", ""severity"": 0.235325626803518, ""message"": ""Quality-related signal is elevated.""}]",show_size_guidance_before_checkout,Multiple sizes of the same product are in the cart. Show size guidance before checkout.,1.0,0.8950766084114027,0.3013008928297487,0.2323024961616027,0.6499999999999999,0,1,1,MP_0085,modcloth_175156,6,3,1,0,1,1.0,0.8950766084114027,0.5001841144590313,0.0,0.3013008928297487,0.3154391875331435,0.2510563289006402,0.235325626803518,0.2323024961616027,0.3474521476554222,0.0759696548776578,0.004573827504317,0.1450460188203046,0.118607814575211,0,1,1,1,0,0,0
CART_0021,MU_014,0.6547045234573312,0.42,medium,0.7424350335104731,0.45,1,"[""quality_issue_signal""]","[{""code"": ""quality_issue_signal"", ""severity"": 0.274848142772671, ""message"": ""Quality-related signal is elevated.""}]",show_review_and_product_detail_summary,Quality-related signals are elevated. Show product details and review summary.,1.0,0.7424350335104731,0.2963845103021638,0.1989623109997652,0.12,1,0,0,MP_0120,modcloth_320750,3,3,0,0,0,0.4,0.7424350335104731,0.3382096251135073,0.0,0.2963845103021638,0.2963845103021638,0.1987742923957745,0.274848142772671,0.1989623109997652,0.3384248378717464,0.053908717424333,0.0048117890645113,0.1315138488870061,0.117476425797993,0,1,1,1,0,0,0
CART_0022,MU_003,0.9994631019558429,1.0,high,0.9992330027940612,1.0,3,"[""high_transaction_model_rank"", ""large_cart_size"", ""length_issue_signal"", ""rare_color_issue_review_flag""]","[{""code"": ""high_transaction_model_rank"", ""severity"": 0.9992330027940612, ""message"": ""Transaction model rank is high.""}, {""code"": ""large_cart_size"", ""severity"": 0.6, ""message"": ""Cart size is high for this demo batch.""}, {""code"": ""length_issue_signal"", ""severity"": 0.3487873340271863, ""message"": ""Length issue signal is elevated.""}, {""code"": ""rare_color_issue_review_flag"", ""severity"": 0.0110894062606191, ""message"": ""Color issue appears in the upper tail of review signals.""}]",show_size_guidance_before_checkout,Fit-related signals are elevated. Show size and fit guidance.,1.0,0.9992330027940612,0.30068619737153,0.207948584027052,0.18,1,1,1,MP_0126,modcloth_708568,4,4,0,0,0,0.6,0.9992330027940612,0.8843410058739068,0.0,0.30068619737153,0.3097395310030377,0.3487873340271863,0.2393750131432296,0.207948584027052,0.3384248378717464,0.0525419236274319,0.0110894062606191,0.1486942842304371,0.114110256661442,1,1,1,1,0,0,0
CART_0023,MU_003,0.6180162165123542,0.34,low,0.4543088807319345,1.0,3,"[""two_sizes_same_product"", ""large_cart_size"", ""fit_layer_signal"", ""fit_or_size_issue_signal""]","[{""code"": ""two_sizes_same_product"", ""severity"": 1.0, ""message"": ""Cart contains multiple sizes of the same product.""}, {""code"": ""large_cart_size"", ""severity"": 0.6, ""message"": ""Cart size is high for this demo batch.""}, {""code"": ""fit_layer_signal"", ""severity"": 0.4365813993102761, ""message"": ""Fit layer signal is elevated.""}, {""code"": ""fit_or_size_issue_signal"", ""severity"": 0.4365813993102761, ""message"": ""Fit or size mismatch signal is elevated.""}]",show_size_guidance_before_checkout,Multiple sizes of the same product are in the cart. Show size guidance before checkout.,1.0,0.4543088807319345,0.4365813993102761,0.2335380452061271,0.53,1,1,1,MP_0058,renttherunway_2960025,4,3,1,0,1,0.6,0.4543088807319345,0.2046838882413282,0.0,0.4365813993102761,0.4365813993102761,,,0.2335380452061271,0.4254134452712171,0.0500062226079117,0.0044634598372703,0.1443857960171232,0.1147005003242842,0,1,1,1,1,0,0
CART_0024,MU_011,0.7745422670245987,0.6,medium,0.8707746671779981,0.55,2,"[""two_sizes_same_product"", ""large_cart_size"", ""fit_or_size_issue_signal"", ""negative_review_language_signal""]","[{""code"": ""two_sizes_same_product"", ""severity"": 1.0, ""message"": ""Cart contains multiple sizes of the same product.""}, {""code"": ""large_cart_size"", ""severity"": 0.6, ""message"": ""Cart size is high for this demo batch.""}, {""code"": ""fit_or_size_issue_signal"", ""severity"": 0.3581222429723671, ""message"": ""Fit or size mismatch signal is elevated.""}, {""code"": ""negative_review_language_signal"", ""severity"": 0.1567106305679994, ""message"": ""Negative review language signal is elevated.""}]",show_size_guidance_before_checkout,Multiple sizes of the same product are in the cart. Show size guidance before checkout.,1.0,0.8707746671779981,0.3174906014507865,0.2225365388243968,0.53,0,1,1,MP_0021,renttherunway_255241,4,2,1,0,1,0.6,0.8707746671779981,0.4522786886670651,0.0,0.3174906014507865,0.3174906014507865,,,0.2225365388243968,0.3581222429723671,0.1047102189507972,0.0039829157824913,0.1567106305679994,0.1021056423036486,0,1,1,1,0,1,0
CART_0025,MU_030,0.9660316112419876,0.94,high,0.9514737303456966,1.0,3,"[""two_sizes_same_product"", ""duplicate_variant"", ""large_cart_size"", ""high_transaction_model_rank""]","[{""code"": ""two_sizes_same_product"", ""severity"": 1.0, ""message"": ""Cart contains multiple sizes of the same product.""}, {""code"": ""duplicate_variant"", ""severity"": 1.0, ""message"": ""Cart contains a duplicate variant.""}, {""code"": ""large_cart_size"", ""severity"": 1.0, ""message"": ""Cart size is high for this demo batch.""}, {""code"": ""high_transaction_model_rank"", ""severity"": 0.9514737303456966, ""message"": ""Transaction model rank is high.""}]",show_size_guidance_before_checkout,Multiple sizes of the same product are in the cart. Show size guidance before checkout.,1.0,0.9514737303456966,0.3177045020219593,0.2203845843822998,1.0,1,1,1,MP_0167,renttherunway_2384887,7,4,1,1,2,1.0,0.9514737303456966,0.6310367373666976,0.0,0.3177045020219593,0.3227749912899429,0.2513852534248903,0.2736381565524902,0.2203845843822998,0.3220922762299741,0.0691319689484827,0.028593724247653,0.1673813353409142,0.1409375549305677,1,1,1,1,0,0,0
CART_0026,MU_026,0.44014134662795157,0.21,low,0.6287733523256451,0.0,0,"[""dominant_transaction_model_signal""]","[{""code"": ""dominant_transaction_model_signal"", ""severity"": 0.6287733523256451, ""message"": ""transaction_model is the strongest available layer.""}]",standard_checkout,No dominant risk reason detected for this cart.,1.0,0.6287733523256451,0.3139342282342385,0.2022789786654588,0.06,0,0,0,MP_0032,renttherunway_1110122,2,2,0,0,0,0.2,0.6287733523256451,0.2774810270040201,0.0,0.3139342282342385,0.3139342282342385,,,0.2022789786654588,0.3384248378717464,0.0525419236274319,0.0046897916629852,0.1390454036453813,0.114110256661442,0,1,1,1,0,0,0
CART_0027,MU_004,0.5707993206596176,0.28,low,0.8154276009423108,0.0,0,"[""dominant_transaction_model_signal""]","[{""code"": ""dominant_transaction_model_signal"", ""severity"": 0.8154276009423108, ""message"": ""transaction_model is the strongest available layer.""}]",standard_checkout,No dominant risk reason detected for this cart.,1.0,0.8154276009423108,0.3032990616028123,0.2141355292654396,0.12,0,0,0,MP_0054,renttherunway_445639,3,3,0,0,0,0.4,0.8154276009423108,0.3922682446157089,0.0,0.3032990616028123,0.3032990616028123,0.2473701101879256,0.2584365858878927,0.2141355292654396,0.3212150220646092,0.053908717424333,0.0048117890645113,0.1367165278242788,0.114110256661442,0,1,1,1,0,0,0
CART_0028,MU_013,0.8159728994320569,0.7,medium,0.9299612849029384,0.55,2,"[""duplicate_variant"", ""high_transaction_model_rank"", ""low_rating_signal_when_available"", ""rare_color_issue_review_flag""]","[{""code"": ""duplicate_variant"", ""severity"": 1.0, ""message"": ""Cart contains a duplicate variant.""}, {""code"": ""high_transaction_model_rank"", ""severity"": 0.9299612849029384, ""message"": ""Transaction model rank is high.""}, {""code"": ""low_rating_signal_when_available"", ""severity"": 0.1508200230285495, ""message"": ""Rating issue signal is elevated when rating is available.""}, {""code"": ""rare_color_issue_review_flag"", ""severity"": 0.0189772679074107, ""message"": ""Color issue appears in the upper tail of review signals.""}]",highlight_color_and_product_images,Color issue appears in the review upper tail. Highlight product images and color details.,1.0,0.9299612849029384,0.2628904862356754,0.1991717125612551,0.47,0,1,1,MP_0156,renttherunway_2828426,3,2,0,1,1,0.4,0.9299612849029384,0.5779723378010029,0.0,0.2628904862356754,0.2708042836616388,0.2473701101879256,0.2584365858878927,0.1991717125612551,0.2952016273782458,0.053908717424333,0.0189772679074107,0.1355496266231821,0.1508200230285495,1,1,1,1,0,0,0
CART_0029,MU_011,0.6054193831151043,0.32,low,0.6291705473072919,0.55,2,"[""two_sizes_same_product"", ""duplicate_variant"", ""fit_or_size_issue_signal"", ""negative_review_language_signal""]","[{""code"": ""two_sizes_same_product"", ""severity"": 1.0, ""message"": ""Cart contains multiple sizes of the same product.""}, {""code"": ""duplicate_variant"", ""severity"": 1.0, ""message"": ""Cart contains a duplicate variant.""}, {""code"": ""fit_or_size_issue_signal"", ""severity"": 0.3678538383125538, ""message"": ""Fit or size mismatch signal is elevated.""}, {""code"": ""negative_review_language_signal"", ""severity"": 0.1835930124315185, ""message"": ""Negative review language signal is elevated.""}]",show_size_guidance_before_checkout,Multiple sizes of the same product are in the cart. Show size guidance before checkout.,1.0,0.6291705473072919,0.2659602675254092,0.2474237612995092,0.82,0,1,1,MP_0115,modcloth_251144,3,1,1,1,2,0.4,0.6291705473072919,0.2776558962644437,0.0,0.2659602675254092,0.3013008928297487,0.2252931051281218,0.2539575979383676,0.2474237612995092,0.3678538383125538,0.0466305967223398,0.0041621579236258,0.1835930124315185,,0,1,1,0,0,0,1
CART_0030,MU_021,0.9874915538998155,0.98,high,0.9821307912854508,1.0,3,"[""two_sizes_same_product"", ""high_transaction_model_rank"", ""large_cart_size"", ""fit_or_size_issue_signal""]","[{""code"": ""two_sizes_same_product"", ""severity"": 1.0, ""message"": ""Cart contains multiple sizes of the same product.""}, {""code"": ""high_transaction_model_rank"", ""severity"": 0.9821307912854508, ""message"": ""Transaction model rank is high.""}, {""code"": ""large_cart_size"", ""severity"": 0.6, ""message"": ""Cart size is high for this demo batch.""}, {""code"": ""fit_or_size_issue_signal"", ""severity"": 0.3720571101156814, ""message"": ""Fit or size mismatch signal is elevated.""}]",show_size_guidance_before_checkout,Multiple sizes of the same product are in the cart. Show size guidance before checkout.,1.0,0.9821307912854508,0.2957922842534239,0.2398608606538249,0.53,1,1,1,MP_0108,modcloth_726572,4,2,1,0,1,0.6,0.9821307912854508,0.7436698979584924,0.0,0.2957922842534239,0.3522089627658011,0.2621187750339041,0.2466090467478392,0.2398608606538249,0.3720571101156814,0.0927900928476034,0.0039829157824913,0.1785120110950162,0.1516006568236681,0,1,1,1,0,0,1
CART_0031,MU_029,0.2933125148377435,0.06,low,0.4190178783396336,0.0,0,"[""dominant_transaction_model_signal""]","[{""code"": ""dominant_transaction_model_signal"", ""severity"": 0.4190178783396336, ""message"": ""transaction_model is the strongest available layer.""}]",standard_checkout,No dominant risk reason detected for this cart.,1.0,0.4190178783396336,0.2708042836616388,0.1818779897062132,0.0,0,0,0,MP_0177,renttherunway_1152022,1,1,0,0,0,0.0,0.4190178783396336,0.1891463657277667,0.0,0.2708042836616388,0.2708042836616388,,,0.1818779897062132,0.2952016273782458,0.053908717424333,0.0048117890645113,0.1315138488870061,0.1101016085926075,0,1,1,1,0,0,0
CART_0032,MU_005,0.786081648678756,0.62,medium,0.75868806954108,0.8500000000000001,2,"[""fit_or_size_issue_signal"", ""quality_issue_signal"", ""length_issue_signal"", ""negative_review_language_signal""]","[{""code"": ""fit_or_size_issue_signal"", ""severity"": 0.4850622883058729, ""message"": ""Fit or size mismatch signal is elevated.""}, {""code"": ""quality_issue_signal"", ""severity"": 0.3136171957658565, ""message"": ""Quality-related signal is elevated.""}, {""code"": ""length_issue_signal"", ""severity"": 0.3126302723717182, ""message"": ""Length issue signal is elevated.""}, {""code"": ""negative_review_language_signal"", ""severity"": 0.1869694484605818, ""message"": ""Negative review language signal is elevated.""}]",show_size_guidance_before_checkout,Fit-related signals are elevated. Show size and fit guidance.,1.0,0.75868806954108,0.3468334316112665,0.261358213172207,0.06,1,1,0,MP_0153,modcloth_167315,2,2,0,0,0,0.2,0.75868806954108,0.3478491228433895,0.0,0.3468334316112665,0.4850622883058729,0.3126302723717182,0.3136171957658565,0.261358213172207,0.3719082496751629,0.091030807467167,0.0168220378391962,0.1869694484605818,,1,1,1,0,0,0,1
CART_0033,MU_019,0.8507391479026278,0.74,medium,0.7867702112894684,1.0,3,"[""two_sizes_same_product"", ""large_cart_size"", ""fit_or_size_issue_signal"", ""fit_layer_signal""]","[{""code"": ""two_sizes_same_product"", ""severity"": 1.0, ""message"": ""Cart contains multiple sizes of the same product.""}, {""code"": ""large_cart_size"", ""severity"": 0.8, ""message"": ""Cart size is high for this demo batch.""}, {""code"": ""fit_or_size_issue_signal"", ""severity"": 0.3994089565810411, ""message"": ""Fit or size mismatch signal is elevated.""}, {""code"": ""fit_layer_signal"", ""severity"": 0.3582298600503886, ""message"": ""Fit layer signal is elevated.""}]",show_size_guidance_before_checkout,Multiple sizes of the same product are in the cart. Show size guidance before checkout.,1.0,0.7867702112894684,0.3582298600503886,0.2287117527879948,0.59,1,1,1,MP_0176,renttherunway_235073,5,2,1,0,1,0.8,0.7867702112894684,0.3701572941983016,0.0,0.3582298600503886,0.3582298600503886,,,0.2287117527879948,0.3994089565810411,0.0446224634048977,0.0039829157824913,0.145464430670875,0.1248851290837584,0,1,1,1,1,0,0
CART_0034,MU_011,0.9154705162621668,0.82,high,0.8792435946602385,1.0,3,"[""large_cart_size"", ""fit_or_size_issue_signal"", ""fit_layer_signal"", ""negative_review_language_signal""]","[{""code"": ""large_cart_size"", ""severity"": 0.6, ""message"": ""Cart size is high for this demo batch.""}, {""code"": ""fit_or_size_issue_signal"", ""severity"": 0.3933485469549323, ""message"": ""Fit or size mismatch signal is elevated.""}, {""code"": ""fit_layer_signal"", ""severity"": 0.3777147229484154, ""message"": ""Fit layer signal is elevated.""}, {""code"": ""negative_review_language_signal"", ""severity"": 0.1832722610931513, ""message"": ""Negative review language signal is elevated.""}]",show_size_guidance_before_checkout,Fit-related signals are elevated. Show size and fit guidance.,1.0,0.8792435946602385,0.3777147229484154,0.2326680335347941,0.18,1,1,1,MP_0049,renttherunway_1426339,4,4,0,0,0,0.6,0.8792435946602385,0.4681785237258082,0.0,0.3777147229484154,0.3777147229484154,,,0.2326680335347941,0.3933485469549323,0.0691319689484827,0.0183882934426406,0.1832722610931513,0.1249158129048828,1,1,1,1,1,0,1
CART_0035,MU_014,0.29918963092824924,0.08,low,0.4274137584689275,0.0,0,"[""dominant_transaction_model_signal""]","[{""code"": ""dominant_transaction_model_signal"", ""severity"": 0.4274137584689275, ""message"": ""transaction_model is the strongest available layer.""}]",standard_checkout,No dominant risk reason detected for this cart.,1.0,0.4274137584689275,0.2770267205008392,0.2079854261377675,0.06,0,0,0,MP_0157,renttherunway_1507833,2,2,0,0,0,0.2,0.4274137584689275,0.191556952700173,0.0,0.2770267205008392,0.2770267205008392,,,0.2079854261377675,0.3514065787900212,0.053908717424333,0.0048117890645113,0.1515566956682122,0.1101016085926075,0,1,1,1,0,0,0
CART_0036,MU_008,0.9490941215142716,0.9,high,0.9915630307346738,0.8500000000000001,2,"[""high_transaction_model_rank"", ""fit_layer_signal"", ""fit_or_size_issue_signal"", ""low_rating_signal_when_available""]","[{""code"": ""high_transaction_model_rank"", ""severity"": 0.9915630307346738, ""message"": ""Transaction model rank is high.""}, {""code"": ""fit_layer_signal"", ""severity"": 0.3548890564903362, ""message"": ""Fit layer signal is elevated.""}, {""code"": ""fit_or_size_issue_signal"", ""severity"": 0.3548890564903362, ""message"": ""Fit or size mismatch signal is elevated.""}, {""code"": ""low_rating_signal_when_available"", ""severity"": 0.1533594875588957, ""message"": ""Rating issue signal is elevated when rating is available.""}]",show_size_guidance_before_checkout,Fit-related signals are elevated. Show size and fit guidance.,1.0,0.9915630307346738,0.3548890564903362,0.2141355292654396,0.12,1,1,0,MP_0127,renttherunway_2579422,3,3,0,0,0,0.4,0.9915630307346738,0.8176658790426135,0.0,0.3548890564903362,0.3548890564903362,0.2473701101879256,0.2584365858878927,0.2141355292654396,0.33747888616803,0.053908717424333,0.0048117890645113,0.1367165278242788,0.1533594875588957,0,1,1,1,0,0,0
CART_0037,MU_003,0.5157502876239521,0.26,low,0.3725004108913603,0.8500000000000001,2,"[""fit_or_size_issue_signal"", ""fit_layer_signal"", ""negative_review_language_signal""]","[{""code"": ""fit_or_size_issue_signal"", ""severity"": 0.4450211635918938, ""message"": ""Fit or size mismatch signal is elevated.""}, {""code"": ""fit_layer_signal"", ""severity"": 0.3739690731680736, ""message"": ""Fit layer signal is elevated.""}, {""code"": ""negative_review_language_signal"", ""severity"": 0.1620170686338556, ""message"": ""Negative review language signal is elevated.""}]",show_size_guidance_before_checkout,Fit-related signals are elevated. Show size and fit guidance.,1.0,0.3725004108913603,0.3739690731680736,0.2522009814672344,0.0,1,1,0,MP_0002,renttherunway_1748585,1,1,0,0,0,0.0,0.3725004108913603,0.1790929900022954,0.0,0.3739690731680736,0.3739690731680736,,,0.2522009814672344,0.4450211635918938,0.0294192726214952,0.0026259080358326,0.1620170686338556,0.1325108298098622,0,1,1,1,1,0,0
CART_0038,MU_022,0.43740891908179474,0.18,low,0.624869884402564,0.0,0,"[""dominant_transaction_model_signal""]","[{""code"": ""dominant_transaction_model_signal"", ""severity"": 0.624869884402564, ""message"": ""transaction_model is the strongest available layer.""}]",standard_checkout,No dominant risk reason detected for this cart.,1.0,0.624869884402564,0.3032990616028123,0.1713691016919499,0.0,0,0,0,MP_0054,renttherunway_445639,1,1,0,0,0,0.0,0.624869884402564,0.2757443390850243,0.0,0.3032990616028123,0.3032990616028123,,,0.1713691016919499,0.2813569680355637,0.043681889365853,0.0038989619417829,0.1153475347999956,0.1103133965572202,0,1,1,1,0,0,0
CART_0039,MU_017,0.21914717215434903,0.04,low,0.1416388173633558,0.4,1,"[""low_rating_signal_when_available""]","[{""code"": ""low_rating_signal_when_available"", ""severity"": 0.1757146976035028, ""message"": ""Rating issue signal is elevated when rating is available.""}]",show_review_and_product_detail_summary,Review signals are elevated. Show review summary before checkout.,1.0,0.1416388173633558,0.2475751127363237,0.1952527108539485,0.0,0,1,0,MP_0109,renttherunway_183945,1,1,0,0,0,0.0,0.1416388173633558,0.1037466487045169,0.0,0.2475751127363237,0.2475751127363237,,,0.1952527108539485,0.3028730341835526,0.039413041873978,0.0066036673230716,0.1309164556307148,0.1757146976035028,0,1,1,1,0,0,0
CART_0040,MU_015,0.8257993206596176,0.72,medium,0.8154276009423108,0.8500000000000001,2,"[""fit_layer_signal"", ""fit_or_size_issue_signal"", ""quality_issue_signal"", ""negative_review_language_signal""]","[{""code"": ""fit_layer_signal"", ""severity"": 0.4360379761728161, ""message"": ""Fit layer signal is elevated.""}, {""code"": ""fit_or_size_issue_signal"", ""severity"": 0.4360379761728161, ""message"": ""Fit or size mismatch signal is elevated.""}, {""code"": ""quality_issue_signal"", ""severity"": 0.2697382467227465, ""message"": ""Quality-related signal is elevated.""}, {""code"": ""negative_review_language_signal"", ""severity"": 0.1600924924161168, ""message"": ""Negative review language signal is elevated.""}]",show_size_guidance_before_checkout,Fit-related signals are elevated. Show size and fit guidance.,1.0,0.8154276009423108,0.4360379761728161,0.232141574611756,0.12,1,1,0,MP_0171,modcloth_494869,3,3,0,0,0,0.4,0.8154276009423108,0.3922682446157089,0.0,0.4360379761728161,0.4360379761728161,0.2166335618632664,0.2697382467227465,0.232141574611756,0.3807522868298942,0.0762015801101225,0.0034612184427907,0.1600924924161168,0.1274531566804167,0,1,1,1,0,0,0
CART_0041,MU_005,0.6945796124837926,0.5,medium,0.7565423035482751,0.55,2,"[""two_sizes_same_product"", ""large_cart_size"", ""low_rating_signal_when_available"", ""quality_issue_signal""]","[{""code"": ""two_sizes_same_product"", ""severity"": 1.0, ""message"": ""Cart contains multiple sizes of the same product.""}, {""code"": ""large_cart_size"", ""severity"": 0.6, ""message"": ""Cart size is high for this demo batch.""}, {""code"": ""low_rating_signal_when_available"", ""severity"": 0.1428056038699858, ""message"": ""Rating issue signal is elevated when rating is available.""}, {""code"": ""quality_issue_signal"", ""severity"": 0.0, ""message"": ""Quality-related signal is elevated.""}]",show_size_guidance_before_checkout,Multiple sizes of the same product are in the cart. Show size guidance before checkout.,1.0,0.7565423035482751,0.281959342531429,0.1920508030558647,0.53,0,1,1,MP_0086,renttherunway_2576170,4,3,1,0,1,0.6,0.7565423035482751,0.3461562758861172,0.0,0.281959342531429,0.281959342531429,,,0.1920508030558647,0.3053296981687456,0.0759696548776578,0.004573827504317,0.1353128691946483,0.1428056038699858,0,1,1,1,0,0,0
CART_0042,MU_023,0.6742892492558301,0.44,medium,0.898984641794043,0.15,1,"[""two_sizes_same_product"", ""large_cart_size""]","[{""code"": ""two_sizes_same_product"", ""severity"": 1.0, ""message"": ""Cart contains multiple sizes of the same product.""}, {""code"": ""large_cart_size"", ""severity"": 0.6, ""message"": ""Cart size is high for this demo batch.""}]",show_size_guidance_before_checkout,Multiple sizes of the same product are in the cart. Show size guidance before checkout.,1.0,0.898984641794043,0.2829135380829211,0.1743568184182286,0.53,0,0,1,MP_0042,renttherunway_2691997,4,2,1,0,1,0.6,0.898984641794043,0.5091926344932346,0.0,0.2829135380829211,0.2829135380829211,,,0.1743568184182286,0.2819172224853737,0.0427801485377862,0.0038184742792521,0.1387705704880398,0.1134953856937035,0,1,1,1,0,0,0
CART_0043,MU_006,0.6545422670245987,0.4,medium,0.8707746671779981,0.15,1,"[""two_sizes_same_product"", ""duplicate_variant"", ""large_cart_size""]","[{""code"": ""two_sizes_same_product"", ""severity"": 1.0, ""message"": ""Cart contains multiple sizes of the same product.""}, {""code"": ""duplicate_variant"", ""severity"": 1.0, ""message"": ""Cart contains a duplicate variant.""}, {""code"": ""large_cart_size"", ""severity"": 0.8, ""message"": ""Cart size is high for this demo batch.""}]",show_size_guidance_before_checkout,Multiple sizes of the same product are in the cart. Show size guidance before checkout.,1.0,0.8707746671779981,0.2889920287104455,0.1931276558050218,0.94,0,0,1,MP_0155,renttherunway_2287847,5,2,1,1,2,0.8,0.8707746671779981,0.4522786886670651,0.0,0.2889920287104455,0.2889920287104455,,,0.1931276558050218,0.3130709830185011,0.0525419236274319,0.0046897916629852,0.1408563932777559,0.1212737558777429,0,1,1,1,0,0,0
CART_0044,MU_006,0.6799490494713198,0.46,medium,0.907070070673314,0.15,1,"[""two_sizes_same_product"", ""large_cart_size""]","[{""code"": ""two_sizes_same_product"", ""severity"": 1.0, ""message"": ""Cart contains multiple sizes of the same product.""}, {""code"": ""large_cart_size"", ""severity"": 0.8, ""message"": ""Cart size is high for this demo batch.""}]",show_size_guidance_before_checkout,Multiple sizes of the same product are in the cart. Show size guidance before checkout.,1.0,0.907070070673314,0.2791243518546927,0.1991717125612551,0.59,0,0,1,MP_0094,renttherunway_2700492,5,3,1,0,1,0.8,0.907070070673314,0.5271120451832183,0.0,0.2791243518546927,0.2791243518546927,0.2473701101879256,0.2584365858878927,0.1991717125612551,0.2952016273782458,0.0691319689484827,0.0048117890645113,0.1456353404738465,0.1123420161946789,0,1,1,1,0,0,0
CART_0045,MU_030,0.938362552274512,0.88,high,0.9762322175350172,0.8500000000000001,2,"[""high_transaction_model_rank"", ""fit_or_size_issue_signal"", ""fit_layer_signal"", ""quality_issue_signal""]","[{""code"": ""high_transaction_model_rank"", ""severity"": 0.9762322175350172, ""message"": ""Transaction model rank is high.""}, {""code"": ""fit_or_size_issue_signal"", ""severity"": 0.3994089565810411, ""message"": ""Fit or size mismatch signal is elevated.""}, {""code"": ""fit_layer_signal"", ""severity"": 0.3582298600503886, ""message"": ""Fit layer signal is elevated.""}, {""code"": ""quality_issue_signal"", ""severity"": 0.2056713551375473, ""message"": ""Quality-related signal is elevated.""}]",show_size_guidance_before_checkout,Fit-related signals are elevated. Show size and fit guidance.,1.0,0.9762322175350172,0.3582298600503886,0.2287117527879948,0.12,1,1,0,MP_0176,renttherunway_235073,3,3,0,0,0,0.4,0.9762322175350172,0.7129217447686601,0.0,0.3582298600503886,0.3582298600503886,0.1839118056817493,0.2056713551375473,0.2287117527879948,0.3994089565810411,0.0859107186456015,0.0038184742792521,0.1373943467010841,0.1248851290837584,0,1,1,1,1,0,0
CART_0046,MU_009,0.44014134662795157,0.21,low,0.6287733523256451,0.0,0,"[""dominant_transaction_model_signal""]","[{""code"": ""dominant_transaction_model_signal"", ""severity"": 0.6287733523256451, ""message"": ""transaction_model is the strongest available layer.""}]",standard_checkout,No dominant risk reason detected for this cart.,1.0,0.6287733523256451,0.1795396957852792,0.1608492040153798,0.0,0,0,0,MP_0032,renttherunway_1110122,1,1,0,0,0,0.0,0.6287733523256451,0.2774810270040201,0.0,0.1795396957852792,0.1795396957852792,,,0.1608492040153798,0.2890774730352807,0.0375532963734685,0.0017057410332908,0.0850294024087269,0.0672031555913854,0,1,1,1,0,0,0
CART_0047,MU_015,0.7950903047900801,0.66,medium,0.7072718639858289,1.0,3,"[""two_sizes_same_product"", ""large_cart_size"", ""fit_layer_signal"", ""fit_or_size_issue_signal""]","[{""code"": ""two_sizes_same_product"", ""severity"": 1.0, ""message"": ""Cart contains multiple sizes of the same product.""}, {""code"": ""large_cart_size"", ""severity"": 1.0, ""message"": ""Cart size is high for this demo batch.""}, {""code"": ""fit_layer_signal"", ""severity"": 0.5837481885149188, ""message"": ""Fit layer signal is elevated.""}, {""code"": ""fit_or_size_issue_signal"", ""severity"": 0.5837481885149188, ""message"": ""Fit or size mismatch signal is elevated.""}]",show_size_guidance_before_checkout,Multiple sizes of the same product are in the cart. Show size guidance before checkout.,1.0,0.7072718639858289,0.5837481885149188,0.2522009814672344,0.6499999999999999,1,1,1,MP_0199,renttherunway_2107118,6,4,1,0,1,1.0,0.7072718639858289,0.3174474416814524,0.0,0.5837481885149188,0.5837481885149188,,,0.2522009814672344,0.4450211635918938,0.0500062226079117,0.0044634598372703,0.1620170686338556,0.1353537182799874,0,1,1,1,1,0,0
CART_0048,MU_021,0.41260833835533883,0.16,low,0.2251547690790555,0.8500000000000001,2,"[""fit_layer_signal"", ""fit_or_size_issue_signal"", ""rare_color_issue_review_flag""]","[{""code"": ""fit_layer_signal"", ""severity"": 0.3858832046841393, ""message"": ""Fit layer signal is elevated.""}, {""code"": ""fit_or_size_issue_signal"", ""severity"": 0.3858832046841393, ""message"": ""Fit or size mismatch signal is elevated.""}, {""code"": ""rare_color_issue_review_flag"", ""severity"": 0.0167505709086129, ""message"": ""Color issue appears in the upper tail of review signals.""}]",show_size_guidance_before_checkout,Fit-related signals are elevated. Show size and fit guidance.,1.0,0.2251547690790555,0.3858832046841393,0.1921805960108241,0.06,1,1,0,MP_0091,renttherunway_1437612,2,2,0,0,0,0.2,0.2251547690790555,0.1318200411009937,0.0,0.3858832046841393,0.3858832046841393,,,0.1921805960108241,0.3246511767075697,0.0466305967223398,0.0167505709086129,0.1440866012254826,0.1110599312976062,1,1,1,1,0,0,0
CART_0049,MU_017,0.4563661681184828,0.24,low,0.5876659544549755,0.15,1,"[""two_sizes_same_product"", ""large_cart_size""]","[{""code"": ""two_sizes_same_product"", ""severity"": 1.0, ""message"": ""Cart contains multiple sizes of the same product.""}, {""code"": ""large_cart_size"", ""severity"": 0.6, ""message"": ""Cart size is high for this demo batch.""}]",show_size_guidance_before_checkout,Multiple sizes of the same product are in the cart. Show size guidance before checkout.,1.0,0.5876659544549755,0.281959342531429,0.1907658628004364,0.53,0,0,1,MP_0193,renttherunway_1047479,4,2,1,0,1,0.6,0.5876659544549755,0.258269623656104,0.0,0.281959342531429,0.281959342531429,,,0.1907658628004364,0.3053296981687456,0.0730446128368545,0.004573827504317,0.1435551797990116,0.1248595304985477,0,1,1,1,0,0,0
CART_0050,MU_017,0.8590941215142717,0.76,high,0.9915630307346738,0.55,2,"[""two_sizes_same_product"", ""high_transaction_model_rank"", ""large_cart_size"", ""low_rating_signal_when_available""]","[{""code"": ""two_sizes_same_product"", ""severity"": 1.0, ""message"": ""Cart contains multiple sizes of the same product.""}, {""code"": ""high_transaction_model_rank"", ""severity"": 0.9915630307346738, ""message"": ""Transaction model rank is high.""}, {""code"": ""large_cart_size"", ""severity"": 0.6, ""message"": ""Cart size is high for this demo batch.""}, {""code"": ""low_rating_signal_when_available"", ""severity"": 0.1533594875588957, ""message"": ""Rating issue signal is elevated when rating is available.""}]",show_size_guidance_before_checkout,Multiple sizes of the same product are in the cart. Show size guidance before checkout.,1.0,0.9915630307346738,0.2829135380829211,0.2040688273349432,0.53,0,1,1,MP_0137,renttherunway_397391,4,3,1,0,1,0.6,0.9915630307346738,0.8176658790426135,0.0,0.2829135380829211,0.2829135380829211,,,0.2040688273349432,0.33747888616803,0.0745606002776147,0.0038184742792521,0.136640646481996,0.1533594875588957,0,1,1,1,0,0,0
